{
    "نام و نام خانوادگی": "محمد امینی",
    "ایمیل": "mohamad.amini@example.com",
    "شماره تلفن": "۰۹۱۴۵۶۷۸۹۰۱",
    "تحصیلات": [
        {
            "مقطع": "کارشناسی ارشد",
            "رشته": "هوش مصنوعی",
            "دانشگاه": "دانشگاه صنعتی شریف",
            "تاریخ فارغ‌التحصیلی": "۱۳۹۹"
        },
        {
            "مقطع": "کارشناسی",
            "رشته": "مهندسی کامپیوتر",
            "دانشگاه": "دانشگاه تهران",
            "تاریخ فارغ‌التحصیلی": "۱۳۹۶"
        }
    ],
    "سوابق کاری": [
        {
            "عنوان شغل": "محقق یادگیری ماشین",
            "محل کار": "شرکت فناوران داده",
            "مدت اشتغال": "۱۴۰۰ تا امروز",
            "وظایف شغلی": [
                "توسعه‌ی مدل‌های یادگیری عمیق برای پردازش تصویر",
                "بهینه‌سازی شبکه‌های عصبی برای کاربردهای صنعتی"
            ]
        },
        {
            "عنوان شغل": "مهندس یادگیری ماشین",
            "محل کار": "شرکت هوش برتر",
            "مدت اشتغال": "۱۳۹۸-۱۴۰۰",
            "وظایف شغلی": [
                "پیاده‌سازی الگوریتم‌های داده‌کاوی برای تحلیل کلان‌داده‌ها"
            ]
        }
    ],
    "مهارت‌های فردی": {
        "مهارت‌های فنی": [
            "تسلط بر پایتون و کتابخانه‌های یادگیری ماشین (Scikit-learn, TensorFlow)",
            "پردازش داده‌های کلان با Apache Spark"
        ],
        "مهارت‌های نرم": [
            "مهارت‌های ارتباطی قوی برای ارائه‌ی نتایج علمی"
        ]
    },
    "گواهینامه‌ها و دوره‌های آموزشی": [
        "مقام اول مسابقه‌ی Kaggle در حوزه‌ی پردازش تصویر",
        "گواهینامه‌ی تخصصی Deep Learning از دانشگاه استنفورد"
    ]
}